{"mean_reward":1635.90656522,"std_reward":14.14216193782386,"_wandb":{"runtime":1029},"step":501576,"_timestamp":1.7503259663482478e+09,"_runtime":1029.750059051,"_step":1942,"reward":1200.862389}