{"_step":1977,"mean_reward":1626.2201330800003,"std_reward":29.379958005761097,"_wandb":{"runtime":951},"reward":999.636537,"step":501595,"_timestamp":1.7503408655839627e+09,"_runtime":951.109763995}