{"_runtime":1085.191953352,"_step":1914,"reward":1722.424617,"step":501449,"_timestamp":1.7503249313502822e+09,"mean_reward":1563.66593648,"std_reward":12.869545797881239,"_wandb":{"runtime":1085}}