{"reward":1277.704434,"step":501659,"_timestamp":1.7503270806051006e+09,"_runtime":1111.685969508,"_step":2016,"mean_reward":1696.4306368599998,"std_reward":2.0564353930434605,"_wandb":{"runtime":1111}}