{"_step":42665,"reward":401.167225,"step":5001211,"_timestamp":1.7503051510463665e+09,"mean_reward":1761.2625519599999,"std_reward":116.9869935315179,"_wandb":{"runtime":10079},"_runtime":10079.297740627}