{"_wandb":{"runtime":1260},"step":501666,"_timestamp":1.7503421293713624e+09,"_runtime":1260.272520999,"_step":2338,"reward":1630.221738,"mean_reward":1569.52509294,"std_reward":159.6375883410582}