{"_step":3002363,"episode_length":211,"_wandb":{"runtime":6631},"cumulative_sim_time":23978.14400000017,"cumulative_wall_time":6578.3889355659485,"_runtime":6631.494278585,"rolling_reward_var_100":16467.193880978877,"episode":16427,"reward":873.80381,"_timestamp":1.7505083496392052e+09,"reward_per_episode":873.80381,"rolling_reward_mean_100":844.0162159700001,"std_reward":67.71120151232797,"wall_time_per_episode":0.3364715576171875,"sim_time_per_episode":1.688,"mean_reward":1012.89158098,"step":3002363}