{"step":501711,"_timestamp":1.7503209471487193e+09,"mean_reward":1669.2640623400002,"std_reward":54.485442901363484,"_wandb":{"runtime":1599},"_runtime":1599.301691837,"_step":2025,"reward":1584.072808}