{"_wandb":{"runtime":1920},"reward":1737.738438,"step":501283,"_timestamp":1.7503228819372964e+09,"_runtime":1920.88724769,"_step":2104,"mean_reward":1625.8831834199998,"std_reward":5.491640281047355}