{"reward_per_episode":772.341944,"mean_reward":1036.8365086000001,"cumulative_wall_time":6934.016967535019,"wall_time_per_episode":0.37252259254455566,"rolling_reward_var_100":9163.088572216053,"episode_length":200,"_timestamp":1.7506244808185685e+09,"reward":772.341944,"_wandb":{"runtime":6984},"_step":3002348,"step":3002348,"_runtime":6984.431397273,"sim_time_per_episode":1.6,"episode":15228,"cumulative_sim_time":23962.368000000075,"std_reward":48.08528743370715,"rolling_reward_mean_100":933.5497946599999}