{"rolling_reward_mean_100":498.41786225,"cumulative_wall_time":7614.345431566238,"mean_reward":744.40880968,"_wandb":{"runtime":7674},"_runtime":7673.959764245,"reward_per_episode":382.701664,"reward":382.701664,"wall_time_per_episode":10.256999015808105,"std_reward":32.25524731335839,"_step":3000133,"cumulative_sim_time":23962.42400000004,"_timestamp":1.7505942131387525e+09,"sim_time_per_episode":1.064,"episode":17864,"episode_length":133,"step":3000133,"rolling_reward_var_100":64527.319293394576}