{"rolling_reward_var_100":13716.05805706396,"_wandb":{"runtime":2817},"reward_per_episode":287.9088298036543,"wall_time_per_episode":0.44583940505981445,"rolling_reward_mean_100":276.2233576884089,"episode":10000,"episode_length":239,"cumulative_wall_time":2807.767894744873,"sim_time_per_episode":1.9120000000000001,"_step":10000,"cumulative_sim_time":11252.703999999987,"_timestamp":1.7504570355209806e+09,"_runtime":2817.556823146}