{"step":3002156,"_timestamp":1.750535927532312e+09,"rolling_reward_mean_100":879.7120054200003,"reward":563.43008,"wall_time_per_episode":0.24537014961242676,"_step":3002156,"cumulative_sim_time":23972.208000000133,"episode":15051,"episode_length":160,"_runtime":6904.706322234,"sim_time_per_episode":1.28,"rolling_reward_var_100":20182.95178166208,"std_reward":67.31798674762527,"mean_reward":1064.7809687200001,"_wandb":{"runtime":6904},"cumulative_wall_time":6813.111212015152,"reward_per_episode":563.43008}