{"_runtime":2096.086018844,"_step":1961,"mean_reward":1627.3709338400004,"std_reward":123.34294182052356,"_wandb":{"runtime":2096},"reward":1554.258303,"step":501500,"_timestamp":1.750329184681382e+09}