{"step":501412,"_timestamp":1.750337807463902e+09,"_runtime":1027.758411866,"_step":1800,"std_reward":6.2379852694617925,"mean_reward":1587.44400178,"_wandb":{"runtime":1027},"reward":831.504656}