{"reward_per_episode":502.270071,"mean_reward":875.7385584199999,"_wandb":{"runtime":7537},"std_reward":80.78764567382765,"wall_time_per_episode":10.154877662658691,"cumulative_wall_time":7484.458705186844,"reward":502.270071,"rolling_reward_mean_100":653.0600740599999,"episode_length":151,"sim_time_per_episode":1.208,"step":3000151,"rolling_reward_var_100":18629.942053076,"_step":3000151,"episode":17054,"_timestamp":1.7506399285358543e+09,"cumulative_sim_time":23953.040000000194,"_runtime":7537.994125084}