{"mean_reward":1682.53549936,"std_reward":10.29520870568249,"_wandb":{"runtime":1090},"reward":1113.568148,"step":501753,"_timestamp":1.7503328625356045e+09,"_runtime":1090.817689697,"_step":2002}