{"step":3000216,"rolling_reward_var_100":16025.255078000035,"_step":3000216,"cumulative_wall_time":6491.801507472992,"std_reward":151.89647386629346,"_wandb":{"runtime":6559},"rolling_reward_mean_100":783.77333917,"reward":858.404029,"reward_per_episode":858.404029,"episode_length":216,"episode":15912,"mean_reward":869.5814229400002,"sim_time_per_episode":1.728,"_timestamp":1.7505789386246176e+09,"_runtime":6559.289688961,"wall_time_per_episode":10.379387617111206,"cumulative_sim_time":23959.36799999999}