{"cumulative_sim_time":9483.712000000021,"_step":10000,"wall_time_per_episode":0.06300616264343262,"rolling_reward_var_100":87.0022033772199,"_wandb":{"runtime":2557},"rolling_reward_mean_100":56.49038577836446,"episode_length":28,"sim_time_per_episode":0.224,"episode":10000,"reward_per_episode":48.22383658153848,"_runtime":2557.288562395,"cumulative_wall_time":2546.7188844680786,"_timestamp":1.7504608742917025e+09}