{"std_reward":194.13262341279668,"_wandb":{"runtime":1126},"_timestamp":1.7503389405818617e+09,"_runtime":1126.090069434,"_step":2050,"reward":927.617984,"step":501513,"mean_reward":1542.5266325200002}