{"reward":812.46301,"cumulative_sim_time":23964.67200000009,"reward_per_episode":812.46301,"_wandb":{"runtime":7990},"_timestamp":1.7505509472021742e+09,"rolling_reward_mean_100":825.4925079799999,"step":3002209,"episode_length":201,"_runtime":7990.284157668,"sim_time_per_episode":1.608,"cumulative_wall_time":7919.791937589645,"std_reward":385.6080365082121,"_step":3002209,"wall_time_per_episode":0.32433009147644043,"episode":16023,"mean_reward":1188.8698322,"rolling_reward_var_100":6395.51292782022}