{"rolling_reward_var_100":143503.87772069854,"_runtime":7185.13115019,"reward":1119.961558,"_wandb":{"runtime":7185},"_timestamp":1.7505647717780652e+09,"rolling_reward_mean_100":998.4485881500001,"sim_time_per_episode":2.608,"mean_reward":1681.167494,"episode":10978,"cumulative_sim_time":23929.944000000032,"std_reward":198.97857219839682,"step":2999966,"_step":2999966,"reward_per_episode":1119.961558,"episode_length":326,"wall_time_per_episode":0.5046346187591553,"cumulative_wall_time":7115.406678438187}