{"reward":1507.478399,"step":501332,"_timestamp":1.7503358122822018e+09,"_runtime":933.424320068,"_step":2410,"mean_reward":1418.1708297199998,"std_reward":255.34070953903898,"_wandb":{"runtime":933}}