{"reward_per_episode":157.54343829020343,"wall_time_per_episode":0.23079872131347656,"_timestamp":1.7504525442675693e+09,"sim_time_per_episode":0.888,"rolling_reward_mean_100":152.5888753527841,"rolling_reward_var_100":171.39664229797995,"_runtime":2239.477028566,"episode":10000,"_step":10000,"cumulative_sim_time":8991.576000000112,"episode_length":111,"cumulative_wall_time":2230.4541034698486,"_wandb":{"runtime":2239}}