{"mean_reward":1601.8510391400005,"std_reward":10.11210422822369,"_wandb":{"runtime":1105},"_step":1999,"reward":1167.49606,"step":501429,"_timestamp":1.750331765727149e+09,"_runtime":1105.523925579}