{"episode_length":111,"rolling_reward_mean_100":847.39332175,"cumulative_sim_time":23967.952000000096,"reward_per_episode":293.76064,"rolling_reward_var_100":28708.45215167414,"std_reward":264.9404547612583,"_runtime":7898.761586523,"_step":3002251,"wall_time_per_episode":0.21069765090942383,"_wandb":{"runtime":7898},"mean_reward":1238.0636059199999,"episode":14283,"reward":293.76064,"sim_time_per_episode":0.888,"cumulative_wall_time":7836.232087135315,"step":3002251,"_timestamp":1.7506323855870168e+09}