{"sim_time_per_episode":1.344,"std_reward":25.45260104973422,"step":3000217,"cumulative_wall_time":6644.46546292305,"cumulative_sim_time":23971.600000000002,"_step":3000217,"mean_reward":714.51911948,"rolling_reward_mean_100":66.75632761,"wall_time_per_episode":0.3538341522216797,"_runtime":6724.119250943,"episode_length":168,"reward":499.139854,"rolling_reward_var_100":8739.581503104804,"episode":26562,"_wandb":{"runtime":6724},"reward_per_episode":499.139854,"_timestamp":1.750515079651227e+09}