{"wall_time_per_episode":0.20628786087036133,"rolling_reward_mean_100":631.00748334,"reward":340.237907,"_timestamp":1.75052901586714e+09,"episode":16037,"reward_per_episode":340.237907,"episode_length":128,"sim_time_per_episode":1.024,"std_reward":81.58782903495408,"cumulative_wall_time":6546.428164720535,"_wandb":{"runtime":6608},"mean_reward":1002.7678655599999,"_runtime":6608.735564199,"_step":3000316,"step":3000316,"rolling_reward_var_100":53207.92290813067,"cumulative_sim_time":23951.975999999915}