{"mean_reward":1649.12447422,"std_reward":11.235358656899361,"_wandb":{"runtime":1466},"_timestamp":1.7503306572646337e+09,"_runtime":1466.062816603,"_step":2164,"reward":989.973397,"step":501741}