{"std_reward":216.75061066500652,"_wandb":{"runtime":960},"reward":1531.804051,"step":501507,"_timestamp":1.7503399076526356e+09,"_runtime":960.678315008,"_step":1974,"mean_reward":1569.03398082}