{"wall_time_per_episode":0.37564539909362793,"_runtime":8539.347649524,"_timestamp":1.7506027575519009e+09,"episode":11913,"rolling_reward_var_100":37118.23194094223,"cumulative_sim_time":23942.583999999988,"std_reward":179.7240412369905,"cumulative_wall_time":8466.547931671143,"step":3002229,"reward_per_episode":957.749497,"reward":957.749497,"episode_length":245,"rolling_reward_mean_100":1007.1687260699999,"_step":3002229,"sim_time_per_episode":1.96,"mean_reward":1542.7810036599997,"_wandb":{"runtime":8539}}