{"mean_reward":1727.83468062,"std_reward":12.253350442567012,"_wandb":{"runtime":958},"_timestamp":1.7503367772002761e+09,"_runtime":957.994463324,"_step":2087,"reward":993.331536,"step":501685}