{"sim_time_per_episode":1.3840000000000001,"wall_time_per_episode":10.139493227005005,"cumulative_wall_time":7563.378705739975,"mean_reward":811.26398012,"rolling_reward_mean_100":671.14254142,"step":3000173,"_wandb":{"runtime":7629},"rolling_reward_var_100":2908.8544764220405,"episode":17070,"_step":3000173,"_timestamp":1.750617483364683e+09,"reward_per_episode":632.798404,"reward":632.798404,"episode_length":173,"cumulative_sim_time":23959.255999999703,"std_reward":49.69765095354282,"_runtime":7629.814726217}