{"reward":657.713686,"step":3000194,"episode":16143,"rolling_reward_mean_100":756.8336300699998,"_timestamp":1.7505575796846275e+09,"reward_per_episode":657.713686,"sim_time_per_episode":1.552,"mean_reward":944.6071540200002,"std_reward":89.69993579982567,"_wandb":{"runtime":6628},"cumulative_wall_time":6577.3754069805145,"rolling_reward_var_100":27077.707203853275,"episode_length":194,"_step":3000194,"wall_time_per_episode":10.608537197113037,"cumulative_sim_time":23951.719999999983,"_runtime":6628.482999127}