{"mean_reward":849.6077006200001,"rolling_reward_mean_100":745.2739704299998,"step":3002195,"episode":17479,"std_reward":45.47508150246407,"cumulative_sim_time":23972.992000000027,"_step":3002195,"rolling_reward_var_100":6122.122571437199,"sim_time_per_episode":1.424,"wall_time_per_episode":0.371138334274292,"reward":687.561421,"episode_length":178,"cumulative_wall_time":6479.198114871979,"reward_per_episode":687.561421,"_runtime":6529.827962747,"_timestamp":1.7506464711818001e+09,"_wandb":{"runtime":6529}}