{"_timestamp":1.7502805364031918e+09,"_runtime":11722.249716657,"_step":19012,"mean_reward":1498.67654606,"std_reward":230.28848009025575,"_wandb":{"runtime":11722},"reward":350.640687,"step":5001142}