{"rolling_reward_var_100":28284.30979191828,"std_reward":330.63569486714596,"_timestamp":1.7505429509441137e+09,"mean_reward":1577.1084049600001,"reward":998.547099,"_wandb":{"runtime":7017},"reward_per_episode":998.547099,"wall_time_per_episode":13.499101877212524,"cumulative_sim_time":23948.712000000152,"rolling_reward_mean_100":828.8573427100001,"sim_time_per_episode":1.976,"episode_length":247,"step":3000247,"_runtime":7017.530808764,"_step":3000247,"episode":13848,"cumulative_wall_time":6965.161413431168}