{"_step":1801,"mean_reward":1540.2831881800003,"std_reward":95.32969825660572,"_wandb":{"runtime":1113},"reward":1645.376131,"step":501408,"_timestamp":1.7503432510699556e+09,"_runtime":1113.297957693}