{"std_reward":15.661909561497474,"_wandb":{"runtime":921},"reward":1579.101518,"step":501723,"_timestamp":1.750334871906156e+09,"_runtime":921.810097982,"_step":1997,"mean_reward":1629.6796003399995}