{"cumulative_sim_time":23945.92,"sim_time_per_episode":1.12,"std_reward":98.69809840653454,"step":3000312,"rolling_reward_mean_100":159.45029815,"episode_length":140,"cumulative_wall_time":7010.756251573563,"reward_per_episode":327.833598,"rolling_reward_var_100":18143.240734910105,"reward":327.833598,"_timestamp":1.7506098475407107e+09,"mean_reward":1662.31597234,"_runtime":7087.196204757,"_wandb":{"runtime":7087},"wall_time_per_episode":0.22705602645874023,"_step":3000312,"episode":15760}