{"rolling_reward_var_100":49688.56054744285,"std_reward":89.45549152661228,"_wandb":{"runtime":7588},"step":3000262,"episode_length":143,"sim_time_per_episode":1.1440000000000001,"rolling_reward_mean_100":635.3787821999999,"_timestamp":1.7505865343628218e+09,"cumulative_sim_time":23952.799999999934,"reward_per_episode":389.509042,"cumulative_wall_time":7528.477269411087,"episode":15380,"wall_time_per_episode":0.23515558242797852,"_runtime":7588.897502169,"_step":3000262,"mean_reward":907.28565928,"reward":389.509042}