{"rolling_reward_var_100":36419.387051604484,"cumulative_sim_time":23958.711999999832,"rolling_reward_mean_100":287.29735065000006,"std_reward":166.3867807049222,"step":3000278,"_step":3000278,"reward":572.128077,"episode_length":187,"cumulative_wall_time":7181.686406135559,"reward_per_episode":572.128077,"_wandb":{"runtime":7309},"episode":18460,"mean_reward":674.5171180000001,"wall_time_per_episode":0.28477907180786133,"_timestamp":1.750522402103459e+09,"sim_time_per_episode":1.496,"_runtime":7309.383143835}