{"step":5000854,"_timestamp":1.7502950584596286e+09,"_runtime":12741.353458279,"_step":15085,"mean_reward":1694.39514978,"std_reward":228.82652400998978,"_wandb":{"runtime":12741},"reward":1038.478772}