{"_wandb":{"runtime":7600},"mean_reward":771.6428111000001,"reward_per_episode":726.750347,"_runtime":7600.198183938,"sim_time_per_episode":1.608,"episode_length":201,"step":3000201,"cumulative_sim_time":23958.503999999914,"std_reward":77.90413121948376,"wall_time_per_episode":9.801960706710815,"reward":726.750347,"_timestamp":1.7505723763291895e+09,"rolling_reward_mean_100":645.69228565,"episode":17320,"_step":3000201,"rolling_reward_var_100":31872.21907499696,"cumulative_wall_time":7541.803829908371}