{"reward":1525.923648,"mean_reward":1580.08606072,"std_reward":23.460248072102104,"_wandb":{"runtime":1082},"step":501758,"_timestamp":1.7503339472840993e+09,"_runtime":1082.27562975,"_step":1945}