{"reward":1758.625229,"step":501500,"_timestamp":1.7503238329552104e+09,"_runtime":944.295718667,"_step":1826,"mean_reward":1540.4396632,"std_reward":91.1289289837157,"_wandb":{"runtime":944}}